id,assetId,name,category,ratio,sourceWidth,sourceHeight,sourceFormat,sourceBytes,resolutionRequirement,resolutionPass,status,blockReason,thumbnailPath,thumbnailWidth,thumbnailHeight,publicationPath,publicationSha256
AST-B31493970,BRAND-001,BRAND-001_vandry_program_lockup_preview_v1.png,Identidade,16:9,2048,1152,PNG,72836,Content thumbnail 16:9 — minimum 1280×720,True,APPROVED,,assets/thumbs/AST-B31493970.webp,512,288,assets/publish/BRAND-001_vandry_program_lockup_preview_v1.png,5668745735dfef619d3d6ac521dc09ec82470e0176ccdf3f7e3d7fe0d48d341e
AST-8FC615046,BRAND-001,BRAND-001_vandry_program_symbol_v1.png,Identidade,1:1,2048,2048,PNG,28202,Quote card 1:1 — minimum 1080×1080,True,APPROVED,,assets/thumbs/AST-8FC615046.webp,512,512,assets/publish/BRAND-001_vandry_program_symbol_v1.png,12374c091c7e77f3a5d8e37ac013fe2034c5784971405032d03d171d564fc6ec
AST-49CBE964B,BRAND-001,BRAND-001_vandry_program_symbol_v1.svg,Identidade,1:1,2048,2048,SVG,626,Vector publication source,True,APPROVED,,assets/thumbs/AST-49CBE964B.webp,384,384,assets/publish/BRAND-001_vandry_program_symbol_v1.svg,2b590dec863208a48d9b26d917741a32cc5c02189fcb9a36adb2401a1fbbd247
AST-DD1F8E9CC,DIAG-001,DIAG-001_column_400m_v1.png,Identidade,1:2,3200,6400,PNG,620498,Cover/scene/reference raster — minimum 1600 px on longest edge,True,APPROVED,,assets/thumbs/AST-DD1F8E9CC.webp,256,512,assets/publish/DIAG-001_column_400m_v1.png,d25e54a3446ce0ac21f8db7531537b660ea6d78813cbbdd5898de38de2b0fb86
AST-ABD99285D,OWD,OWD_series_cover_candidate_v1.jpg,Identidade,5:8,1600,2560,JPEG,335853,Cover/scene/reference raster — minimum 1600 px on longest edge,True,APPROVED,,assets/thumbs/AST-ABD99285D.webp,320,512,assets/publish/OWD_series_cover_candidate_v1.jpg,69e39c04935f35047c244bec2ca79b34cbf678de44eb13f9026cadba7d085e37
AST-7060FEC09,THUMB-TEMPLATE-001,THUMB-TEMPLATE-001_depth_editable_v1.svg,Identidade,16:9,1280,720,SVG,768,Vector publication source,True,APPROVED,,assets/thumbs/AST-7060FEC09.webp,384,384,assets/publish/THUMB-TEMPLATE-001_depth_editable_v1.svg,f6ca07c068f758c334840caa08a6721abd2cb9361d166ef54e0f26aa576a883a
AST-3609D13E7,THUMB-TEMPLATE-001,THUMB-TEMPLATE-001_depth_preview_v1.jpg,Identidade,16:9,1280,720,JPEG,103934,Content thumbnail 16:9 — minimum 1280×720,True,APPROVED,,assets/thumbs/AST-3609D13E7.webp,512,288,assets/publish/THUMB-TEMPLATE-001_depth_preview_v1.jpg,2a5a9989fbaf472f75fe28a0be9e0540704635891dc19dd42327f8c801273916
AST-6ED59E6FB,THUMB-TEMPLATE-002,THUMB-TEMPLATE-002_latency_editable_v1.svg,Identidade,16:9,1280,720,SVG,811,Vector publication source,True,APPROVED,,assets/thumbs/AST-6ED59E6FB.webp,384,384,assets/publish/THUMB-TEMPLATE-002_latency_editable_v1.svg,acd1eb92d315f1497576f0029fa11a0a05fb73a4481280220719c0e8d385b11c
AST-C1DE73649,THUMB-TEMPLATE-002,THUMB-TEMPLATE-002_latency_preview_v1.jpg,Identidade,16:9,1280,720,JPEG,76758,Content thumbnail 16:9 — minimum 1280×720,True,APPROVED,,assets/thumbs/AST-C1DE73649.webp,512,288,assets/publish/THUMB-TEMPLATE-002_latency_preview_v1.jpg,b5229b79de2e657eccbd42617beb5353debba9ee4e5d5a0465480ca6908ee016
AST-6F34F8FD3,THUMB-TEMPLATE-003,THUMB-TEMPLATE-003_decision_editable_v1.svg,Identidade,16:9,1280,720,SVG,779,Vector publication source,True,APPROVED,,assets/thumbs/AST-6F34F8FD3.webp,384,384,assets/publish/THUMB-TEMPLATE-003_decision_editable_v1.svg,f774f0ac28b7012eb8afe407e46d7740000a30844215dcda274cef6d70476d6e
AST-B4EF766F1,THUMB-TEMPLATE-003,THUMB-TEMPLATE-003_decision_preview_v1.jpg,Identidade,16:9,1280,720,JPEG,121820,Content thumbnail 16:9 — minimum 1280×720,True,APPROVED,,assets/thumbs/AST-B4EF766F1.webp,512,288,assets/publish/THUMB-TEMPLATE-003_decision_preview_v1.jpg,63478711702b34837a30f066cdd14dcfee02e3a3ec8860a4a35e6adaa80a3142
AST-C1C1F0BDA,CHR-001,CHR-001_vesper_kole_v1.png,Personagens,3:2,1536,1024,PNG,2255168,Cover/scene/reference raster — minimum 1600 px on longest edge,False,BLOCKED,Approved source is 1536×1024; it does not meet policy: Cover/scene/reference raster — minimum 1600 px on longest edge. A higher-resolution promoted source is required.,assets/thumbs/AST-C1C1F0BDA.webp,512,341,,
AST-7A6D4B3F5,CHR-002,CHR-002_augustin_reyes_v1.png,Personagens,3:2,1536,1024,PNG,2350840,Cover/scene/reference raster — minimum 1600 px on longest edge,False,BLOCKED,Approved source is 1536×1024; it does not meet policy: Cover/scene/reference raster — minimum 1600 px on longest edge. A higher-resolution promoted source is required.,assets/thumbs/AST-7A6D4B3F5.webp,512,341,,
AST-CB42C3C7F,CHR-003,CHR-003_nneka_osei_v1.png,Personagens,3:2,1536,1024,PNG,2305787,Cover/scene/reference raster — minimum 1600 px on longest edge,False,BLOCKED,Approved source is 1536×1024; it does not meet policy: Cover/scene/reference raster — minimum 1600 px on longest edge. A higher-resolution promoted source is required.,assets/thumbs/AST-CB42C3C7F.webp,512,341,,
AST-3C51B2AF6,CHR-004,CHR-004_teodora_vance_v1.png,Personagens,3:2,1536,1024,PNG,2285844,Cover/scene/reference raster — minimum 1600 px on longest edge,False,BLOCKED,Approved source is 1536×1024; it does not meet policy: Cover/scene/reference raster — minimum 1600 px on longest edge. A higher-resolution promoted source is required.,assets/thumbs/AST-3C51B2AF6.webp,512,341,,
AST-E28020D9F,ENV-001,ENV-001_anchor_v1.png,Ambientes,0.60:1,971,1619,PNG,1582152,Cover/scene/reference raster — minimum 1600 px on longest edge,True,APPROVED,,assets/thumbs/AST-E28020D9F.webp,307,512,assets/publish/ENV-001_anchor_v1.png,b42c199f645468146bcd8961010b67e37e40e2c084970899971dfa733f244543
AST-E051131D1,ENV-002,ENV-002_mouth_v1.png,Ambientes,3:2,1536,1024,PNG,2777740,Cover/scene/reference raster — minimum 1600 px on longest edge,False,BLOCKED,Approved source is 1536×1024; it does not meet policy: Cover/scene/reference raster — minimum 1600 px on longest edge. A higher-resolution promoted source is required.,assets/thumbs/AST-E051131D1.webp,512,341,,
AST-1DCF6C62C,ENV-003,ENV-003_shaft_v2.png,Ambientes,3:2,1536,1024,PNG,2173229,Cover/scene/reference raster — minimum 1600 px on longest edge,False,BLOCKED,Approved source is 1536×1024; it does not meet policy: Cover/scene/reference raster — minimum 1600 px on longest edge. A higher-resolution promoted source is required.,assets/thumbs/AST-1DCF6C62C.webp,512,341,,
AST-EB7917111,ENV-004,ENV-004_landing_one_v2.png,Ambientes,3:2,1536,1024,PNG,1891690,Cover/scene/reference raster — minimum 1600 px on longest edge,False,BLOCKED,Approved source is 1536×1024; it does not meet policy: Cover/scene/reference raster — minimum 1600 px on longest edge. A higher-resolution promoted source is required.,assets/thumbs/AST-EB7917111.webp,512,341,,
AST-28774B479,ENV-005,ENV-005_maintained_stair_v1.png,Ambientes,3:2,1536,1024,PNG,1806442,Cover/scene/reference raster — minimum 1600 px on longest edge,False,BLOCKED,Approved source is 1536×1024; it does not meet policy: Cover/scene/reference raster — minimum 1600 px on longest edge. A higher-resolution promoted source is required.,assets/thumbs/AST-28774B479.webp,512,341,,
AST-F28B62034,ENV-006,ENV-006_freight_shaft_v2.png,Ambientes,3:2,1536,1024,PNG,2058144,Cover/scene/reference raster — minimum 1600 px on longest edge,False,BLOCKED,Approved source is 1536×1024; it does not meet policy: Cover/scene/reference raster — minimum 1600 px on longest edge. A higher-resolution promoted source is required.,assets/thumbs/AST-F28B62034.webp,512,341,,
AST-F1D8DC5BA,ENV-007,ENV-007_water_course_v1.png,Ambientes,3:2,1536,1024,PNG,1932267,Cover/scene/reference raster — minimum 1600 px on longest edge,False,BLOCKED,Approved source is 1536×1024; it does not meet policy: Cover/scene/reference raster — minimum 1600 px on longest edge. A higher-resolution promoted source is required.,assets/thumbs/AST-F1D8DC5BA.webp,512,341,,
AST-B256FAA01,ENV-008,ENV-008_uplink_panel_v1.png,Ambientes,3:2,1536,1024,PNG,1797425,Cover/scene/reference raster — minimum 1600 px on longest edge,False,BLOCKED,Approved source is 1536×1024; it does not meet policy: Cover/scene/reference raster — minimum 1600 px on longest edge. A higher-resolution promoted source is required.,assets/thumbs/AST-B256FAA01.webp,512,341,,
AST-C2FD2EA09,CH-001,CH-001_cover_candidate_v1.jpg,Capítulos,4:5,1600,2000,JPEG,263224,Instagram feed 4:5 — minimum 1080×1350,True,APPROVED,,assets/thumbs/AST-C2FD2EA09.webp,410,512,assets/publish/CH-001_cover_candidate_v1.jpg,08346970b8f62abea7e9601d387472c64f851c257349561d762fbb5f33c27c27
AST-4D0D9C8E9,CH-001,CH-001_scene-01_mouth_closure_candidate.jpg,Capítulos,4:3,1448,1086,JPEG,293951,Cover/scene/reference raster — minimum 1600 px on longest edge,False,BLOCKED,Approved source is 1448×1086; it does not meet policy: Cover/scene/reference raster — minimum 1600 px on longest edge. A higher-resolution promoted source is required.,assets/thumbs/AST-4D0D9C8E9.webp,512,384,,
AST-182C8AFD0,CH-001,CH-001_scene-02_rim_sample_candidate.jpg,Capítulos,1.78:1,1672,941,JPEG,573875,Cover/scene/reference raster — minimum 1600 px on longest edge,True,APPROVED,,assets/thumbs/AST-182C8AFD0.webp,512,288,assets/publish/CH-001_scene-02_rim_sample_candidate.jpg,4ac24d42d88749e81edb77ef3d0ed94367aa549d52e5464a900be008b4ea2ee7
AST-770C40A46,CH-001,CH-001_scene-03_salt_structure_candidate.jpg,Capítulos,1.78:1,1672,941,JPEG,330256,Cover/scene/reference raster — minimum 1600 px on longest edge,True,APPROVED,,assets/thumbs/AST-770C40A46.webp,512,288,assets/publish/CH-001_scene-03_salt_structure_candidate.jpg,6fbe14bce09d8409ac67243e11da9daee683abb05cfc4b5bdd1a562afab82062
AST-17F31FF4A,CH-001,CH-001_thumbnail_candidate_v1.jpg,Capítulos,16:9,1280,720,JPEG,97498,Content thumbnail 16:9 — minimum 1280×720,True,APPROVED,,assets/thumbs/AST-17F31FF4A.webp,512,288,assets/publish/CH-001_thumbnail_candidate_v1.jpg,e3e8bc56d758176da8c677ab230d5f2d31fc089695b5e5db1544a066ce90eca1
AST-49A493D07,CH-002,CH-002_cover_candidate_v1.jpg,Capítulos,4:5,1600,2000,JPEG,309434,Instagram feed 4:5 — minimum 1080×1350,True,APPROVED,,assets/thumbs/AST-49A493D07.webp,410,512,assets/publish/CH-002_cover_candidate_v1.jpg,da67b56c5159444b301d3d233d3998aa1881b6aebbdc89f55264aabf240eab3f
AST-7A1FC8B0A,CH-002,CH-002_scene-01_first_light_candidate.jpg,Capítulos,1.78:1,1672,941,JPEG,347762,Cover/scene/reference raster — minimum 1600 px on longest edge,True,APPROVED,,assets/thumbs/AST-7A1FC8B0A.webp,512,288,assets/publish/CH-002_scene-01_first_light_candidate.jpg,bb1d7c4ca509cbfff42e2ca30eed154224ad0b060b32562a799dd227d0ea2dcc
AST-952D40B4B,CH-002,CH-002_scene-02_repeater_one_candidate.jpg,Capítulos,1.78:1,1672,941,JPEG,284172,Cover/scene/reference raster — minimum 1600 px on longest edge,True,APPROVED,,assets/thumbs/AST-952D40B4B.webp,512,288,assets/publish/CH-002_scene-02_repeater_one_candidate.jpg,4e7205a244a637d5304573f4e4f21a163a7cd28779844eb9727f7b1a9efa0849
AST-10E2CE210,CH-002,CH-002_scene-03_landing_one_candidate.jpg,Capítulos,1.78:1,1672,941,JPEG,252496,Cover/scene/reference raster — minimum 1600 px on longest edge,True,APPROVED,,assets/thumbs/AST-10E2CE210.webp,512,288,assets/publish/CH-002_scene-03_landing_one_candidate.jpg,9ff0ddec7db8bdd8238bf3af3362058d9b270aa16e648c4a9cbc9feba7b8c2d9
AST-A19733299,CH-002,CH-002_thumbnail_candidate_v1.jpg,Capítulos,16:9,1280,720,JPEG,112621,Content thumbnail 16:9 — minimum 1280×720,True,APPROVED,,assets/thumbs/AST-A19733299.webp,512,288,assets/publish/CH-002_thumbnail_candidate_v1.jpg,560d12a07e5dade31e6b8b49884e92bc9566c4ae476b01ad2e8e56bbcef867fc
AST-F6214E63A,CH-003,CH-003_cover_candidate_v1.jpg,Capítulos,4:5,1600,2000,JPEG,252905,Instagram feed 4:5 — minimum 1080×1350,True,APPROVED,,assets/thumbs/AST-F6214E63A.webp,410,512,assets/publish/CH-003_cover_candidate_v1.jpg,09708cae97ae543a5c75c6697319790cbff528c9c2445737ffd3c66f71be0cd9
AST-5329796A2,CH-003,CH-003_scene-01_three_routes_candidate.jpg,Capítulos,3:2,1536,1024,JPEG,296717,Cover/scene/reference raster — minimum 1600 px on longest edge,False,BLOCKED,Approved source is 1536×1024; it does not meet policy: Cover/scene/reference raster — minimum 1600 px on longest edge. A higher-resolution promoted source is required.,assets/thumbs/AST-5329796A2.webp,512,341,,
AST-AB1E42A99,CH-003,CH-003_scene-02_where_is_the_dust_candidate.jpg,Capítulos,1.78:1,1672,941,JPEG,348642,Cover/scene/reference raster — minimum 1600 px on longest edge,True,APPROVED,,assets/thumbs/AST-AB1E42A99.webp,512,288,assets/publish/CH-003_scene-02_where_is_the_dust_candidate.jpg,3617460b973236cef4d26c4063dc3b0a17e445e6bb735f7c1b5137ea70af91f9
AST-5F4968299,CH-003,CH-003_scene-03_western_opening_candidate.jpg,Capítulos,1.78:1,1672,941,JPEG,263695,Cover/scene/reference raster — minimum 1600 px on longest edge,True,APPROVED,,assets/thumbs/AST-5F4968299.webp,512,288,assets/publish/CH-003_scene-03_western_opening_candidate.jpg,23b69ad4b3c00c7e8bb24bcd33d670a9f90d7e98f47851569b595a6ee8d658a3
AST-7DE9834FB,CH-003,CH-003_thumbnail_candidate_v1.jpg,Capítulos,16:9,1280,720,JPEG,113099,Content thumbnail 16:9 — minimum 1280×720,True,APPROVED,,assets/thumbs/AST-7DE9834FB.webp,512,288,assets/publish/CH-003_thumbnail_candidate_v1.jpg,63988d7d37a460cfd46bbe5047ab0936ab3a72d56cd7898b9363d081327d5c18
AST-FB04609C7,CH-004,CH-004_cover_candidate_v1.jpg,Capítulos,4:5,1600,2000,JPEG,294044,Instagram feed 4:5 — minimum 1080×1350,True,APPROVED,,assets/thumbs/AST-FB04609C7.webp,410,512,assets/publish/CH-004_cover_candidate_v1.jpg,c903ff7c5c0b30c786f5aa1b093820f0ac00167640a67c6fa72946877ca95566
AST-47C55BBC3,CH-004,CH-004_scene-01_eighty_one_millimetres_candidate.jpg,Capítulos,4:3,1448,1086,JPEG,377593,Cover/scene/reference raster — minimum 1600 px on longest edge,False,BLOCKED,Approved source is 1448×1086; it does not meet policy: Cover/scene/reference raster — minimum 1600 px on longest edge. A higher-resolution promoted source is required.,assets/thumbs/AST-47C55BBC3.webp,512,384,,
AST-9919C9D59,CH-004,CH-004_scene-02_the_alcove_candidate.jpg,Capítulos,1.78:1,1672,941,JPEG,328344,Cover/scene/reference raster — minimum 1600 px on longest edge,True,APPROVED,,assets/thumbs/AST-9919C9D59.webp,512,288,assets/publish/CH-004_scene-02_the_alcove_candidate.jpg,9c2538e266d13b1389c54fbb8b4cd927fec989795b28182cdd7c02e8161f34b9
AST-1B8DF518B,CH-004,CH-004_scene-03_nothing_in_the_water_candidate.jpg,Capítulos,1.78:1,1672,941,JPEG,286780,Cover/scene/reference raster — minimum 1600 px on longest edge,True,APPROVED,,assets/thumbs/AST-1B8DF518B.webp,512,288,assets/publish/CH-004_scene-03_nothing_in_the_water_candidate.jpg,70ddc9ff7cf02f1e4e470ad799bfb3fb587622a7abf1f42a9c57e728a777f5b4
AST-F674E2AE9,CH-004,CH-004_thumbnail_candidate_v1.jpg,Capítulos,16:9,1280,720,JPEG,104056,Content thumbnail 16:9 — minimum 1280×720,True,APPROVED,,assets/thumbs/AST-F674E2AE9.webp,512,288,assets/publish/CH-004_thumbnail_candidate_v1.jpg,e7a583ec9aac8596b1d24bce01f219a37fe63c2343682d665927d313af5dbd89
AST-B295D762C,CH-005,CH-005_cover_candidate_v1.jpg,Capítulos,4:5,1600,2000,JPEG,328141,Instagram feed 4:5 — minimum 1080×1350,True,APPROVED,,assets/thumbs/AST-B295D762C.webp,410,512,assets/publish/CH-005_cover_candidate_v1.jpg,f0c8275b1ae9e034b8127c0836f4f35ba8e1427b63e509e2f897231b0d90781e
AST-4FCFC91FC,CH-005,CH-005_scene-01_after_transmission_candidate.jpg,Capítulos,4:3,1448,1086,JPEG,390766,Cover/scene/reference raster — minimum 1600 px on longest edge,False,BLOCKED,Approved source is 1448×1086; it does not meet policy: Cover/scene/reference raster — minimum 1600 px on longest edge. A higher-resolution promoted source is required.,assets/thumbs/AST-4FCFC91FC.webp,512,384,,
AST-BBB229799,CH-005,CH-005_scene-02_draft_one_candidate.jpg,Capítulos,1.78:1,1672,941,JPEG,353299,Cover/scene/reference raster — minimum 1600 px on longest edge,True,APPROVED,,assets/thumbs/AST-BBB229799.webp,512,288,assets/publish/CH-005_scene-02_draft_one_candidate.jpg,015c9b3e641532d4a14a6d3e0951e57efca5a23018eb636f8588d65e257896e7
AST-6E9928F5B,CH-005,CH-005_scene-03_say_what_it_costs_candidate.jpg,Capítulos,1.78:1,1672,941,JPEG,318705,Cover/scene/reference raster — minimum 1600 px on longest edge,True,APPROVED,,assets/thumbs/AST-6E9928F5B.webp,512,288,assets/publish/CH-005_scene-03_say_what_it_costs_candidate.jpg,3d715bbdb79c4ea570ef42eef7c6d2f61cca70e899e53d7bbf40f608192e898b
AST-8CA7CDF4F,CH-005,CH-005_thumbnail_candidate_v1.jpg,Capítulos,16:9,1280,720,JPEG,141738,Content thumbnail 16:9 — minimum 1280×720,True,APPROVED,,assets/thumbs/AST-8CA7CDF4F.webp,512,288,assets/publish/CH-005_thumbnail_candidate_v1.jpg,be0618e9b018ee5a0167505cc0a25d017af8669896c03ab8c12db6912c6c68aa
AST-0B1DF265E,CH-006,CH-006_cover_candidate_v1.jpg,Capítulos,4:5,1600,2000,JPEG,204898,Instagram feed 4:5 — minimum 1080×1350,True,APPROVED,,assets/thumbs/AST-0B1DF265E.webp,410,512,assets/publish/CH-006_cover_candidate_v1.jpg,d37a4f3e65b0ae3f2e7175a72ffc2fcb3d3029e3124f24806f9b8cfbea3d2235
AST-66358A41C,CH-006,CH-006_scene-01_decision_dossier_candidate.jpg,Capítulos,16:9,1920,1080,JPEG,281150,Content thumbnail 16:9 — minimum 1280×720,True,APPROVED,,assets/thumbs/AST-66358A41C.webp,512,288,assets/publish/CH-006_scene-01_decision_dossier_candidate.jpg,a0052e20eafc6c1d6244631551e4bf56bf622197f9021a69085c36176b5e4d6e
AST-23A1C7E0D,CH-006,CH-006_scene-02_the_question_candidate.jpg,Capítulos,1.78:1,1672,941,JPEG,436631,Cover/scene/reference raster — minimum 1600 px on longest edge,True,APPROVED,,assets/thumbs/AST-23A1C7E0D.webp,512,288,assets/publish/CH-006_scene-02_the_question_candidate.jpg,a60605d8a7ce3135c1e828f58276c95f798b23c5d52fb395437bee2ca665c900
AST-781F4602C,CH-006,CH-006_scene-03_the_cabinet_candidate.jpg,Capítulos,1.78:1,1672,941,JPEG,311357,Cover/scene/reference raster — minimum 1600 px on longest edge,True,APPROVED,,assets/thumbs/AST-781F4602C.webp,512,288,assets/publish/CH-006_scene-03_the_cabinet_candidate.jpg,c4ca5d2ce6843556ff144c696b43011c9efbffcd09933009967ae22ca2781f1b
AST-D7623DE1B,CH-006,CH-006_thumbnail_candidate_v1.jpg,Capítulos,16:9,1280,720,JPEG,107257,Content thumbnail 16:9 — minimum 1280×720,True,APPROVED,,assets/thumbs/AST-D7623DE1B.webp,512,288,assets/publish/CH-006_thumbnail_candidate_v1.jpg,84db959c11eaf7213a03f62abddc8a60abc7ff797cfddc244432e0273b2c5063
AST-A62D92545,CH-007,CH-007_cover_candidate_v1.jpg,Capítulos,4:5,1600,2000,JPEG,233673,Instagram feed 4:5 — minimum 1080×1350,True,APPROVED,,assets/thumbs/AST-A62D92545.webp,410,512,assets/publish/CH-007_cover_candidate_v1.jpg,894acd8b84e8104a628eea49588fd58bbdcb67b131ee453d979fc5c0dcb3e76a
AST-A74E19F4B,CH-007,CH-007_scene-01_answer_in_transit_candidate.jpg,Capítulos,1.78:1,1672,941,JPEG,269431,Cover/scene/reference raster — minimum 1600 px on longest edge,True,APPROVED,,assets/thumbs/AST-A74E19F4B.webp,512,288,assets/publish/CH-007_scene-01_answer_in_transit_candidate.jpg,b87fe05c0eae0242b6174f39af24a8841f945a95df08afaaa1b73ff691533eec
AST-0BCE062E0,CH-007,CH-007_scene-02_thirty_one_metres_candidate.jpg,Capítulos,1.78:1,1672,941,JPEG,262377,Cover/scene/reference raster — minimum 1600 px on longest edge,True,APPROVED,,assets/thumbs/AST-0BCE062E0.webp,512,288,assets/publish/CH-007_scene-02_thirty_one_metres_candidate.jpg,0bf2acc850c18d7acb9e86d8558ededab0596b67c2ef8249bf837b26042f0533
AST-CC649E9BD,CH-007,CH-007_scene-03_the_open_pack_candidate.jpg,Capítulos,1.78:1,1672,941,JPEG,265479,Cover/scene/reference raster — minimum 1600 px on longest edge,True,APPROVED,,assets/thumbs/AST-CC649E9BD.webp,512,288,assets/publish/CH-007_scene-03_the_open_pack_candidate.jpg,31b3c75b296adfd6134821e4225fd39f5b140c5d139a2fa692bc968c5df114de
AST-B9B07E5F2,CH-007,CH-007_thumbnail_candidate_v1.jpg,Capítulos,16:9,1280,720,JPEG,97344,Content thumbnail 16:9 — minimum 1280×720,True,APPROVED,,assets/thumbs/AST-B9B07E5F2.webp,512,288,assets/publish/CH-007_thumbnail_candidate_v1.jpg,807b6787197ee62811823dcf145e9f14c11979e33fadd6b96c4e5260de9261e5
AST-9B13FC18C,DAY-01,DAY-01_anchor_teaser_4x5.jpg,Pré-lançamento,4:5,1080,1350,JPEG,239187,Instagram feed 4:5 — minimum 1080×1350,True,APPROVED,,assets/thumbs/AST-9B13FC18C.webp,410,512,assets/publish/DAY-01_anchor_teaser_4x5.jpg,c5a2db6ab7cc1ac339cd83d5c6ebd0a464a993b9f03599211ef700cf27d7719f
AST-9A03947A9,DAY-02,DAY-02_project_reveal_4x5.jpg,Pré-lançamento,4:5,1080,1350,JPEG,135813,Instagram feed 4:5 — minimum 1080×1350,True,APPROVED,,assets/thumbs/AST-9A03947A9.webp,410,512,assets/publish/DAY-02_project_reveal_4x5.jpg,caf5409698192034ac7feca4e58462161e7bf6bdb2bb363be0ac0f74d0608536
AST-3E2F0E41C,DAY-03,DAY-03_column_diagram_4x5.jpg,Pré-lançamento,4:5,1080,1350,JPEG,96955,Instagram feed 4:5 — minimum 1080×1350,True,APPROVED,,assets/thumbs/AST-3E2F0E41C.webp,410,512,assets/publish/DAY-03_column_diagram_4x5.jpg,95b7a2b681babdfa998fca62a97ce1a01001e447439043801088642ab0c8bd94
AST-DF213F250,DAY-04,DAY-04_descent_commander_4x5.jpg,Pré-lançamento,4:5,1080,1350,JPEG,216127,Instagram feed 4:5 — minimum 1080×1350,True,APPROVED,,assets/thumbs/AST-DF213F250.webp,410,512,assets/publish/DAY-04_descent_commander_4x5.jpg,9a445edfbcf9c8cdcddac966489adaf2f47df3f012ad1016f5e71cf907e487b6
AST-B625C67DC,DAY-05,DAY-05_structural_engineer_4x5.jpg,Pré-lançamento,4:5,1080,1350,JPEG,224013,Instagram feed 4:5 — minimum 1080×1350,True,APPROVED,,assets/thumbs/AST-B625C67DC.webp,410,512,assets/publish/DAY-05_structural_engineer_4x5.jpg,3af288ae0d41924e3825b8ece28ecee02a4b0824a1dd4c59425d46bfd4fe79f1
AST-EFC45849D,DAY-06,DAY-06_materials_scientist_4x5.jpg,Pré-lançamento,4:5,1080,1350,JPEG,220588,Instagram feed 4:5 — minimum 1080×1350,True,APPROVED,,assets/thumbs/AST-EFC45849D.webp,410,512,assets/publish/DAY-06_materials_scientist_4x5.jpg,0badb91a90c22edbab635d1a1fc9782f402fcee3ce010f799de3c73bde39f145
AST-69C27EE19,DAY-07,DAY-07_medic_comms_4x5.jpg,Pré-lançamento,4:5,1080,1350,JPEG,218533,Instagram feed 4:5 — minimum 1080×1350,True,APPROVED,,assets/thumbs/AST-69C27EE19.webp,410,512,assets/publish/DAY-07_medic_comms_4x5.jpg,1d75d80d6b2058d2dd2e8da838078aed3c5e76b6d828af1fa7bee780f23fd054
AST-FE3AB1013,DAY-10,DAY-10_route_question_4x5.jpg,Pré-lançamento,4:5,1080,1350,JPEG,176150,Instagram feed 4:5 — minimum 1080×1350,True,APPROVED,,assets/thumbs/AST-FE3AB1013.webp,410,512,assets/publish/DAY-10_route_question_4x5.jpg,c32bedcd8127282725a4467c3c3977e63f181ed80c31e9c1f4de3411f117acc0
AST-DADFE3117,DAY-11,DAY-11_default_best_post_reformat_9x16.jpg,Pré-lançamento,9:16,1080,1920,JPEG,348417,Stories/Reels 9:16 — minimum 1080×1920,True,APPROVED,,assets/thumbs/AST-DADFE3117.webp,288,512,assets/publish/DAY-11_default_best_post_reformat_9x16.jpg,22d389793fb593604e4d60ecabd5a0cb4817d529504d2203f8d05f890a70da55
AST-6BEA51911,DAY-12,DAY-12_default_second_best_reformat_9x16.jpg,Pré-lançamento,9:16,1080,1920,JPEG,138553,Stories/Reels 9:16 — minimum 1080×1920,True,APPROVED,,assets/thumbs/AST-6BEA51911.webp,288,512,assets/publish/DAY-12_default_second_best_reformat_9x16.jpg,40f592e73336ef0222f88394fe2bebf8d045e8cced4c39de82833b7bfbde7211
AST-33B83CEB0,DAY-13,DAY-13_launch_date_EDIT_BEFORE_POSTING_4x5.jpg,Pré-lançamento,4:5,1080,1350,JPEG,181245,Instagram feed 4:5 — minimum 1080×1350,True,APPROVED,,assets/thumbs/AST-33B83CEB0.webp,410,512,assets/publish/DAY-13_launch_date_EDIT_BEFORE_POSTING_4x5.jpg,0110df3777820e345018ba3b4b3acf30773b528269105445744b7a1cfcb0bfd9
AST-AD256763A,DAY-14,DAY-14_follow_for_launch_4x5.jpg,Pré-lançamento,4:5,1080,1350,JPEG,178068,Instagram feed 4:5 — minimum 1080×1350,True,APPROVED,,assets/thumbs/AST-AD256763A.webp,410,512,assets/publish/DAY-14_follow_for_launch_4x5.jpg,9cded8e73de178723041bb1f4becfab4ab658cd95936a28a6fb35e2f878f0c5c
AST-A2ABDD83D,DAY-08,DAY-08_ch-001_quote_4x5.jpg,Pré-lançamento,4:5,1080,1350,JPEG,78766,Quote card 1:1 — minimum 1080×1080,True,APPROVED,,assets/thumbs/AST-A2ABDD83D.webp,410,512,assets/publish/DAY-08_ch-001_quote_4x5.jpg,9fceeb241fc1d5092e154dd3698dd552097db06c5d3dc4ca9b326e6318a68b46
AST-BF54F9A45,DAY-09,DAY-09_ch-003_quote_4x5.jpg,Pré-lançamento,4:5,1080,1350,JPEG,84949,Quote card 1:1 — minimum 1080×1080,True,APPROVED,,assets/thumbs/AST-BF54F9A45.webp,410,512,assets/publish/DAY-09_ch-003_quote_4x5.jpg,09d5b7b825c2fdaf9543addc97f768883acd839fe5cb5c5f4cccbdbe2bdf35bd
AST-E6F6B5A19,VOTE-001,VOTE-001_closed_4x5_candidate_v1.jpg,Redes Sociais,4:5,1080,1350,JPEG,129845,Instagram feed 4:5 — minimum 1080×1350,True,APPROVED,,assets/thumbs/AST-E6F6B5A19.webp,410,512,assets/publish/VOTE-001_closed_4x5_candidate_v1.jpg,a0f9e7be61e4b62793ecc51f13416dc5fb83325d89d9ac58a629574a0a64e4ee
AST-9A702E7FA,VOTE-001,VOTE-001_open_4x5_candidate_v1.jpg,Redes Sociais,4:5,1080,1350,JPEG,136300,Instagram feed 4:5 — minimum 1080×1350,True,APPROVED,,assets/thumbs/AST-9A702E7FA.webp,410,512,assets/publish/VOTE-001_open_4x5_candidate_v1.jpg,7005ab734161092253c685d892b0f2300810bb02da3fb0782783ffdfc7ad891d
AST-1A6BCF984,CH-001,CH-001_quote_square_candidate_v1.jpg,Redes Sociais,1:1,1080,1080,JPEG,81456,Quote card 1:1 — minimum 1080×1080,True,APPROVED,,assets/thumbs/AST-1A6BCF984.webp,512,512,assets/publish/CH-001_quote_square_candidate_v1.jpg,8a4fd0d2af16c71c904f1c7c7e6bba3a98633cf8c57c6a043c65104fa10768ba
AST-064FA9397,CH-001,CH-001_story_9x16_candidate_v1.jpg,Redes Sociais,9:16,1080,1920,JPEG,137239,Stories/Reels 9:16 — minimum 1080×1920,True,APPROVED,,assets/thumbs/AST-064FA9397.webp,288,512,assets/publish/CH-001_story_9x16_candidate_v1.jpg,e4da69f8f7b293c215bd4dd23206466d2854b84a38f9b07b50244fefd712b574
AST-BB8117A5D,CH-001,CH-001_teaser_4x5_candidate_v1.jpg,Redes Sociais,4:5,1080,1350,JPEG,111309,Instagram feed 4:5 — minimum 1080×1350,True,APPROVED,,assets/thumbs/AST-BB8117A5D.webp,410,512,assets/publish/CH-001_teaser_4x5_candidate_v1.jpg,458787b10b5b31cf82f40d97eaa2d3947698621bde564270bb1c710d224f02fd
AST-0AED1E2F5,CH-002,CH-002_quote_square_candidate_v1.jpg,Redes Sociais,1:1,1080,1080,JPEG,90014,Quote card 1:1 — minimum 1080×1080,True,APPROVED,,assets/thumbs/AST-0AED1E2F5.webp,512,512,assets/publish/CH-002_quote_square_candidate_v1.jpg,b05f9f74b08b1dca050b84b7a3842136c78b12f04f1f911a726088fa3de948d3
AST-F92938B1C,CH-002,CH-002_story_9x16_candidate_v1.jpg,Redes Sociais,9:16,1080,1920,JPEG,155485,Stories/Reels 9:16 — minimum 1080×1920,True,APPROVED,,assets/thumbs/AST-F92938B1C.webp,288,512,assets/publish/CH-002_story_9x16_candidate_v1.jpg,3811b6c68b874b0ce45af8386d14fceb8ad2c5f905d5095670a890040d51b597
AST-6B43C9DBD,CH-002,CH-002_teaser_4x5_candidate_v1.jpg,Redes Sociais,4:5,1080,1350,JPEG,129759,Instagram feed 4:5 — minimum 1080×1350,True,APPROVED,,assets/thumbs/AST-6B43C9DBD.webp,410,512,assets/publish/CH-002_teaser_4x5_candidate_v1.jpg,1e2b7183babd08481898955ee47f28e9aa385c34f6d80e87ae0ca2ae5c04b34f
AST-DC8F1FB79,CH-003,CH-003_quote_square_candidate_v1.jpg,Redes Sociais,1:1,1080,1080,JPEG,88937,Quote card 1:1 — minimum 1080×1080,True,APPROVED,,assets/thumbs/AST-DC8F1FB79.webp,512,512,assets/publish/CH-003_quote_square_candidate_v1.jpg,422a9c514d1f4b83932d202e8042f608c508557f9d456714a14bc904b5e37fa1
AST-4DB54971D,CH-003,CH-003_story_9x16_candidate_v1.jpg,Redes Sociais,9:16,1080,1920,JPEG,128258,Stories/Reels 9:16 — minimum 1080×1920,True,APPROVED,,assets/thumbs/AST-4DB54971D.webp,288,512,assets/publish/CH-003_story_9x16_candidate_v1.jpg,3a29e5a906353bdc619addd42f2bfc7ea3fb8b1f4e245efcdcc34e3c44dd399a
AST-120761C1C,CH-003,CH-003_teaser_4x5_candidate_v1.jpg,Redes Sociais,4:5,1080,1350,JPEG,108012,Instagram feed 4:5 — minimum 1080×1350,True,APPROVED,,assets/thumbs/AST-120761C1C.webp,410,512,assets/publish/CH-003_teaser_4x5_candidate_v1.jpg,6d31a8c6139a3cc0b08f61ec806e9c629fb6faa3092d21642c97cadd80d809a4
AST-7825899CE,CH-004,CH-004_quote_square_candidate_v1.jpg,Redes Sociais,1:1,1080,1080,JPEG,109572,Quote card 1:1 — minimum 1080×1080,True,APPROVED,,assets/thumbs/AST-7825899CE.webp,512,512,assets/publish/CH-004_quote_square_candidate_v1.jpg,51c9ee46c5399231de4224ba19b1dfe66498e9cd3d69bbb7b0903a745ec8348e
AST-BDF01585C,CH-004,CH-004_story_9x16_candidate_v1.jpg,Redes Sociais,9:16,1080,1920,JPEG,150708,Stories/Reels 9:16 — minimum 1080×1920,True,APPROVED,,assets/thumbs/AST-BDF01585C.webp,288,512,assets/publish/CH-004_story_9x16_candidate_v1.jpg,67046ca70f3a50e2a19425d214df9b896ff9f4c807b2030011b95d3cc544e8f9
AST-9AAF7274D,CH-004,CH-004_teaser_4x5_candidate_v1.jpg,Redes Sociais,4:5,1080,1350,JPEG,128764,Instagram feed 4:5 — minimum 1080×1350,True,APPROVED,,assets/thumbs/AST-9AAF7274D.webp,410,512,assets/publish/CH-004_teaser_4x5_candidate_v1.jpg,437470a7a62f0c4fb9158b4dc9d3d7ed2f23f75f971d798464fd0534ca80f8d5
AST-E7201C629,CH-005,CH-005_quote_square_candidate_v1.jpg,Redes Sociais,1:1,1080,1080,JPEG,111881,Quote card 1:1 — minimum 1080×1080,True,APPROVED,,assets/thumbs/AST-E7201C629.webp,512,512,assets/publish/CH-005_quote_square_candidate_v1.jpg,d2f08c41200423296ec1869c0142e810411cf0ca5fa29edefbbfb954aec1ad0b
AST-26EA1A75C,CH-005,CH-005_story_9x16_candidate_v1.jpg,Redes Sociais,9:16,1080,1920,JPEG,183441,Stories/Reels 9:16 — minimum 1080×1920,True,APPROVED,,assets/thumbs/AST-26EA1A75C.webp,288,512,assets/publish/CH-005_story_9x16_candidate_v1.jpg,75849fa8e7518b44f8d7ceb573ad352f4ee2a439dbb50c7b9e2d5cbdd1b1ac0c
AST-1D062679A,CH-005,CH-005_teaser_4x5_candidate_v1.jpg,Redes Sociais,4:5,1080,1350,JPEG,154956,Instagram feed 4:5 — minimum 1080×1350,True,APPROVED,,assets/thumbs/AST-1D062679A.webp,410,512,assets/publish/CH-005_teaser_4x5_candidate_v1.jpg,1cb60cd36eee89c8fc8d6e4ed447a95ece9d17ebb4114c1cffeec1b4e38aefb5
AST-85502862C,CH-006,CH-006_quote_square_candidate_v1.jpg,Redes Sociais,1:1,1080,1080,JPEG,92342,Quote card 1:1 — minimum 1080×1080,True,APPROVED,,assets/thumbs/AST-85502862C.webp,512,512,assets/publish/CH-006_quote_square_candidate_v1.jpg,5dccabe93f6d574b96ad2ec8e678eada130b4cd210187654c9b60e996749b6da
AST-61FB863E8,CH-006,CH-006_story_9x16_candidate_v1.jpg,Redes Sociais,9:16,1080,1920,JPEG,136509,Stories/Reels 9:16 — minimum 1080×1920,True,APPROVED,,assets/thumbs/AST-61FB863E8.webp,288,512,assets/publish/CH-006_story_9x16_candidate_v1.jpg,0cadc5f0e864169aa31225201e8fa935ff5fee20e0eec3b98bf3013cd480a44f
AST-74C4128E6,CH-006,CH-006_teaser_4x5_candidate_v1.jpg,Redes Sociais,4:5,1080,1350,JPEG,115329,Instagram feed 4:5 — minimum 1080×1350,True,APPROVED,,assets/thumbs/AST-74C4128E6.webp,410,512,assets/publish/CH-006_teaser_4x5_candidate_v1.jpg,ecb0506d7ecabb9f1ddd819d3d8820dd18386a8960d3b084df79d3496bb603cc
AST-0DC853577,CH-007,CH-007_quote_square_candidate_v1.jpg,Redes Sociais,1:1,1080,1080,JPEG,94836,Quote card 1:1 — minimum 1080×1080,True,APPROVED,,assets/thumbs/AST-0DC853577.webp,512,512,assets/publish/CH-007_quote_square_candidate_v1.jpg,0af18c9088efa4778f174cc60ef4b04c3ac0ce038631774276295bfa50dbb490
AST-26644D508,CH-007,CH-007_story_9x16_candidate_v1.jpg,Redes Sociais,9:16,1080,1920,JPEG,139852,Stories/Reels 9:16 — minimum 1080×1920,True,APPROVED,,assets/thumbs/AST-26644D508.webp,288,512,assets/publish/CH-007_story_9x16_candidate_v1.jpg,31a3a7b26f6055d95321d2da64fea3142b285766f78c8b22f22301e0d3f671b6
AST-065F23703,CH-007,CH-007_teaser_4x5_candidate_v1.jpg,Redes Sociais,4:5,1080,1350,JPEG,112303,Instagram feed 4:5 — minimum 1080×1350,True,APPROVED,,assets/thumbs/AST-065F23703.webp,410,512,assets/publish/CH-007_teaser_4x5_candidate_v1.jpg,fe8500164eff002a8cba38d48ddeaec7135cf309f4415f2523c2c3a36b6d5757
